conceito,L12651,L9605,LC140,DE30443,DE39743,L10365,L13293,L15442,PDE,LPUOS,L17794,D53889,D59671,D61859,P130,P39,P51,P105,Q1
vegetação de porte arbóreo,0,0,0,0,0,21,0,0,0,3,44,0,0,6,2,0,34,3,0
exemplar / espécime arbóreo,0,0,0,9,5,1,0,0,0,3,5,10,0,3,29,1,6,44,6
DAP,0,0,0,0,0,10,0,0,0,0,4,9,0,0,38,4,21,53,16
vegetação significativa,0,0,0,1,0,0,0,0,6,3,2,0,0,1,0,0,10,6,0
imune de corte,1,0,0,18,1,2,0,0,0,0,0,4,0,0,5,0,0,2,0
patrimônio ambiental,0,0,0,3,1,0,0,0,7,1,0,4,0,0,5,0,0,5,0
vegetação de preservação permanente,0,0,0,0,0,3,0,0,0,0,0,4,0,0,3,0,0,5,0
área de preservação permanente (APP),78,0,0,0,0,0,0,0,29,5,1,8,0,0,35,0,2,60,0
área verde,6,0,0,0,0,12,0,0,124,32,1,0,1,0,22,0,3,10,0
maciço arbóreo,0,0,0,0,1,0,0,0,3,0,0,1,0,0,3,0,2,3,1
bosque,0,0,0,0,0,2,0,0,0,0,0,1,0,0,0,0,3,0,0
fragmento florestal,0,0,0,0,0,0,0,0,1,1,0,2,0,0,5,0,0,5,0
floresta,42,12,9,0,0,5,0,0,0,0,0,1,0,0,0,0,0,1,0
Mata Atlântica,1,1,0,0,0,0,0,0,13,3,1,0,0,0,1,0,1,4,0
Cerrado,2,0,0,0,0,0,0,0,0,0,0,0,0,0,0,0,0,0,0
vegetação nativa,62,0,0,0,0,0,0,0,5,1,0,0,0,0,2,0,0,3,0
estágio de regeneração,2,1,1,0,0,0,0,0,2,0,0,0,0,0,0,0,0,4,0
espécie nativa,20,1,1,0,0,0,0,0,3,0,1,0,0,0,8,1,1,9,1
espécie exótica / invasora,4,0,2,0,0,2,0,0,0,0,1,3,0,0,2,3,3,4,0
espécie ameaçada de extinção,5,7,3,0,0,0,0,0,1,0,0,2,0,0,7,0,0,7,0
manejo,38,0,7,0,1,0,0,0,40,9,20,19,0,9,55,2,36,91,0
supressão,34,0,8,0,0,15,0,2,2,2,25,0,2,4,3,3,36,4,0
corte,5,2,0,19,5,27,0,2,0,2,0,6,2,0,18,0,2,17,0
transplante,0,0,0,0,2,0,0,0,0,0,15,2,0,4,38,0,29,30,0
poda,0,2,0,0,0,31,0,0,0,0,19,0,0,1,2,6,24,7,0
poda drástica,0,0,0,0,0,0,0,0,0,0,2,0,0,0,1,0,3,0,0
risco de queda,0,0,0,0,0,1,0,0,0,0,2,0,0,0,0,0,2,0,0
manejo de urgência,1,0,0,0,0,0,0,0,0,0,8,0,0,2,0,0,7,0,0
compensação ambiental,3,0,0,0,0,0,0,0,4,1,1,17,0,0,69,1,1,63,0
reparação,0,6,0,0,0,0,0,0,3,0,2,0,0,0,0,0,0,5,0
TCA,0,0,0,0,0,0,0,0,10,4,0,32,0,0,55,21,10,136,0
TAC,0,0,0,0,0,0,0,0,16,4,0,0,0,0,0,1,7,6,0
densidade arbórea,0,0,0,0,0,1,0,0,0,0,1,1,0,0,7,0,2,18,0
área permeável,0,0,0,0,0,0,3,0,16,22,0,1,1,0,6,1,0,13,2
Quota Ambiental,0,0,0,0,0,0,0,0,0,20,0,0,0,0,0,0,0,5,3
calçada verde,0,0,0,0,0,0,7,0,1,0,0,0,9,0,4,0,0,3,0
arborização urbana,0,0,0,0,0,0,0,0,14,0,7,0,2,0,2,14,16,4,6
utilidade pública,5,0,0,0,0,0,0,0,15,2,0,3,0,0,2,0,0,4,0
interesse social,9,0,0,0,0,0,0,0,108,25,0,7,0,0,4,0,0,8,0
unidade de conservação,16,11,7,0,0,0,0,0,49,6,0,0,0,1,3,0,6,2,0
ZEPAM,0,0,0,0,0,0,0,0,36,19,0,0,0,0,0,0,0,0,0
bem de interesse comum / especialmente protegido,0,1,0,0,0,1,0,0,0,0,1,0,0,0,0,0,1,0,0
muda (padrão),0,0,0,0,0,0,0,0,0,0,0,0,0,0,3,0,3,5,0
licenciamento ambiental,10,1,10,0,0,0,0,0,9,4,1,1,0,0,2,0,0,24,0
impacto local,0,0,1,0,0,0,0,0,0,0,0,0,0,0,0,0,0,1,0
área de influência,1,0,0,0,0,0,0,0,4,0,0,0,0,0,1,0,0,12,0
reserva legal,106,0,0,0,0,0,0,0,1,0,0,0,0,0,0,0,0,0,0
remanescente,6,0,0,0,0,0,0,0,23,5,0,0,0,0,1,0,0,2,0
