sigla,id,rotulo,esfera,tipo,ano,caracteres
L12651,FED_LEI_12651_2012,Lei Federal 12.651/2012,F,lei,2012,156344
L9605,FED_LEI_9605_1998,Lei Federal 9.605/1998,F,lei,1998,55073
LC140,FED_LC_140_2011,LC 140/2011,F,lei,2011,24124
DE30443,EST_DECRETO_30443_1989,Decreto Est. 30.443/1989,E,dec,1989,22067
DE39743,EST_DECRETO_39743_1994,Decreto Est. 39.743/1994,E,dec,1994,2106
L10365,MUN_LEI_10365_1987,Lei 10.365/1987,M,lei,1987,30729
L13293,MUN_LEI_13293_2002,Lei 13.293/2002,M,lei,2002,4242
L15442,MUN_LEI_15442_2011,Lei 15.442/2011,M,lei,2011,23142
PDE,MUN_LEI_16050_2014,Lei 16.050/2014 (PDE),M,lei,2014,617694
LPUOS,MUN_LEI_16402_2016,Lei 16.402/2016 (LPUOS),M,lei,2016,263486
L17794,MUN_LEI_17794_2022,Lei 17.794/2022,M,lei,2022,33793
D53889,MUN_DECRETO_53889_2013,Decreto 53.889/2013,M,dec,2013,19377
D59671,MUN_DECRETO_59671_2020,Decreto 59.671/2020,M,dec,2020,38118
D61859,MUN_DECRETO_61859_2022,Decreto 61.859/2022,M,dec,2022,8126
P130,MUN_PORTARIA_SVMA_130_2013,Portaria SVMA 130/2013 (revogada),M,infra,2013,62183
P39,MUN_PORTARIA_SVMA_39_2024,Portaria SVMA 39/2024,M,infra,2024,28241
P51,MUN_PORTARIA_SVMA_51_2024,Portaria SVMA 51/2024,M,infra,2024,43139
P105,MUN_PORTARIA_SVMA_105_2024,Portaria SVMA 105/2024,M,infra,2024,108900
Q1,MUN_QUADRO1_LPUOS,Proposta de Quadro 1 (LPUOS),M,prop,2024,14091
